{"cameraMode":{"drawMode":0,"name":"Shaded","section":"Shading Mode"},"sceneLighting":true,"audioPlay":false,"sceneViewState":{"showFog":true,"showMaterialUpdate":false,"showSkybox":true,"showFlares":true,"showImageEffects":true,"showParticleSystems":true},"in2DMode":false,"pivot":{"x":0.8131136894226074,"y":-2.5000267028808595,"z":-1.0588502883911133},"rotation":{"x":-0.03732067719101906,"y":0.9441879391670227,"z":-0.30642032623291018,"w":-0.1149982139468193},"size":10.0,"orthographic":false}